{"cameraMode":{"drawMode":0,"name":"Shaded","section":"Shading Mode"},"sceneLighting":false,"audioPlay":false,"sceneViewState":{"m_AlwaysRefresh":false,"showFog":true,"showSkybox":true,"showFlares":true,"showImageEffects":true,"showParticleSystems":true,"showVisualEffectGraphs":true,"m_FxEnabled":true},"in2DMode":false,"pivot":{"x":-13.890000343322754,"y":2.2899999618530275,"z":-4.789999961853027},"rotation":{"x":-0.24697619676589967,"y":-0.45332568883895876,"z":0.12241063266992569,"w":-0.8483023643493652},"size":28.713815689086915,"orthographic":true}