{"cameraMode":{"drawMode":0,"name":"Shaded","section":"Shading Mode"},"sceneLighting":true,"audioPlay":false,"sceneViewState":{"m_AlwaysRefresh":false,"showFog":true,"showSkybox":true,"showFlares":true,"showImageEffects":true,"showParticleSystems":true,"showVisualEffectGraphs":true,"m_FxEnabled":true},"in2DMode":false,"pivot":{"x":-4.113636493682861,"y":-4.7861433029174809,"z":-0.7252116203308106},"rotation":{"x":0.07903526723384857,"y":-0.07102467119693756,"z":0.008436798118054867,"w":0.9945535659790039},"size":6.730382442474365,"orthographic":true}