{"cameraMode":{"drawMode":0,"name":"Shaded","section":"Shading Mode"},"sceneLighting":false,"audioPlay":false,"sceneViewState":{"m_AlwaysRefresh":false,"showFog":true,"showSkybox":true,"showFlares":true,"showImageEffects":true,"showParticleSystems":true,"showVisualEffectGraphs":true,"m_FxEnabled":true},"in2DMode":false,"pivot":{"x":-34.70000076293945,"y":2.2899999618530275,"z":-11.399999618530274},"rotation":{"x":-0.015370347537100315,"y":-0.15357308089733125,"z":-0.0011938968673348427,"w":-0.988341748714447},"size":94.60482025146485,"orthographic":true}