{"cameraMode":{"drawMode":0,"name":"Shaded","section":"Shading Mode"},"sceneLighting":true,"audioPlay":false,"sceneViewState":{"m_AlwaysRefresh":false,"showFog":true,"showSkybox":true,"showFlares":true,"showImageEffects":true,"showParticleSystems":true,"showVisualEffectGraphs":true,"m_FxEnabled":true},"in2DMode":false,"pivot":{"x":-10.923187255859375,"y":1.5071563720703126,"z":2.2141897678375246},"rotation":{"x":0.2500368654727936,"y":0.3510857820510864,"z":-0.09788403660058975,"w":0.8971710205078125},"size":12.206021308898926,"orthographic":true}