{"cameraMode":{"drawMode":0,"name":"Shaded","section":"Shading Mode"},"sceneLighting":true,"audioPlay":false,"sceneViewState":{"m_AlwaysRefresh":false,"showFog":true,"showSkybox":true,"showFlares":true,"showImageEffects":true,"showParticleSystems":true,"showVisualEffectGraphs":true,"m_FxEnabled":true},"in2DMode":false,"pivot":{"x":5.960464477539063e-8,"y":1.2999999523162842,"z":26.700000762939454},"rotation":{"x":-0.43430256843566897,"y":0.39195969700813296,"z":-0.2197311818599701,"w":-0.7818980813026428},"size":9.211309432983399,"orthographic":false}