{"cameraMode":{"drawMode":0,"name":"Shaded","section":"Shading Mode"},"sceneLighting":true,"audioPlay":false,"sceneViewState":{"m_AlwaysRefresh":false,"showFog":true,"showSkybox":true,"showFlares":true,"showImageEffects":true,"showParticleSystems":true,"showVisualEffectGraphs":true,"m_FxEnabled":true},"in2DMode":false,"pivot":{"x":-46.869632720947269,"y":-9.547475814819336,"z":-37.22460174560547},"rotation":{"x":-0.005014317575842142,"y":-0.9396383762359619,"z":0.34383851289749148,"w":-0.010149520821869374},"size":112.24710845947266,"orthographic":false}