{"cameraMode":{"drawMode":0,"name":"Shaded","section":"Shading Mode"},"sceneLighting":true,"audioPlay":false,"sceneViewState":{"m_AlwaysRefresh":false,"showFog":true,"showSkybox":true,"showFlares":true,"showImageEffects":true,"showParticleSystems":true,"showVisualEffectGraphs":true,"m_FxEnabled":true},"in2DMode":false,"pivot":{"x":0.9813984632492065,"y":5.2147393226623539,"z":8.135470390319825},"rotation":{"x":-0.3494757413864136,"y":-0.028751831501722337,"z":0.007630105130374432,"w":-0.9367315173149109},"size":4.529765605926514,"orthographic":true}